{"cameraMode":{"drawMode":0,"name":"Shaded","section":"Shading Mode"},"sceneLighting":false,"audioPlay":false,"sceneViewState":{"m_AlwaysRefresh":false,"showFog":true,"showSkybox":false,"showFlares":true,"showImageEffects":true,"showParticleSystems":true,"showVisualEffectGraphs":true,"m_FxEnabled":true},"in2DMode":false,"pivot":{"x":-6.347740650177002,"y":0.35659128427505495,"z":2.3561348915100099},"rotation":{"x":0.10476816445589066,"y":-0.7417206168174744,"z":0.1191270649433136,"w":0.6517365574836731},"size":1.3317515850067139,"orthographic":false}