{"cameraMode":{"drawMode":0,"name":"Shaded","section":"Shading Mode"},"sceneLighting":false,"audioPlay":false,"sceneViewState":{"m_AlwaysRefresh":false,"showFog":true,"showSkybox":false,"showFlares":true,"showImageEffects":true,"showParticleSystems":true,"showVisualEffectGraphs":true,"m_FxEnabled":true},"in2DMode":false,"pivot":{"x":-2.18466854095459,"y":1.1494102478027344,"z":4.76875114440918},"rotation":{"x":0.0073562306351959709,"y":0.3288905620574951,"z":-0.0026241273153573276,"w":0.9443764686584473},"size":1.3317515850067139,"orthographic":false}